,col1,col2,target
2023-01-01,0.7848708359822141,0.08577622357952852,0.8314094896553366
2023-01-02,0.05255588257933885,0.9120776416038868,0.7761790196695124
2023-01-03,0.5088739225521538,0.7526862193554237,0.07237720305521322
2023-01-04,0.8947375281369739,0.9062693312178952,0.9259571147729908
2023-01-05,0.5529252230313123,0.8201062347926035,0.12813870717193265
2023-01-06,0.8075758655489536,0.19926232894692897,0.9417918436431167
2023-01-07,0.2673438968940697,0.7383112348639058,0.887400167128513
2023-01-08,0.7357242969183487,0.4876828323843735,0.5125924473666248
2023-01-09,0.5776616096803502,0.14982483033250427,0.938707017824808
2023-01-10,0.697124146798328,0.7511798731529642,0.658680843624392
2023-01-11,0.9584623991367189,0.4464521877415746,0.47138872522917497
2023-01-12,0.47770105436068044,0.17641876703772807,0.6475347514286867
2023-01-13,0.16606350743562603,0.1975025734740341,0.9937485593119613
2023-01-14,0.5092555696201726,0.26870877507325697,0.9787058932139057
2023-01-15,0.36966538681179417,0.028039453137983505,0.8145134921227866
2023-01-16,0.8980002530392168,0.8028714719365861,0.42411956854109445
2023-01-17,0.7267024497176533,0.9951777529326096,0.444079744009526
2023-01-18,0.22853056631635182,0.2103448496140058,0.8387301180442426
2023-01-19,0.20967233074879177,0.3759568384957396,0.1752690194569433
2023-01-20,0.5934056667787014,0.045693751417608786,0.5070188521464111
2023-01-21,0.6558884182284083,0.32462526165668926,0.045716245240994824
2023-01-22,0.39341939888364574,0.6539447567024064,0.8355879379089499
2023-01-23,0.9241617666250038,0.5356188382792113,0.7918752508646488
2023-01-24,0.35436006698629696,0.28203952047315695,0.6890405186806056
2023-01-25,0.5219467677219034,0.8527394100047682,0.603675597588086
2023-01-26,0.651793536548542,0.20641256993543233,0.041878232011386185
2023-01-27,0.6368833666154929,0.7776379762969192,0.2188961038643984
2023-01-28,0.0986463701817577,0.11085050856086065,0.5366960662523684
2023-01-29,0.9153777274733278,0.3137273241534222,0.9442062630249979
2023-01-30,0.7794331343045073,0.3640577109056181,0.16984680540602615
2023-01-31,0.7698500716082363,0.5675837257802351,0.27105050577875234
2023-02-01,0.5998518620433744,0.23552558941186663,0.33596667435594585
2023-02-02,0.5702029002014015,0.3541054385669167,0.7716181391725536
2023-02-03,0.04307658885121435,0.10916353651555899,0.3060930104973263
2023-02-04,0.31575146445895996,0.5050723886220048,0.06263197705312884
2023-02-05,0.9813823028385857,0.9760586925107894,0.35698032973855665
2023-02-06,0.46631229510091887,0.3000785683414262,0.9988494846488419
2023-02-07,0.09870860101246148,0.3725224666919219,0.07550325996933649
2023-02-08,0.8873984408828629,0.548569954629628,0.8111545590940328
2023-02-09,0.48721963278534186,0.061234278384522334,0.13017770754021074
2023-02-10,0.5729439367814716,0.6813890775320628,0.9619615355575737
2023-02-11,0.32073787694685774,0.20016392036417963,0.5412982948970417
2023-02-12,0.3889142153816182,0.9899175367309274,0.5595348296384931
2023-02-13,0.747934689267725,0.8978732865569514,0.3159182989018581
2023-02-14,0.5192139863313215,0.35713018242073524,0.4249445206387633
2023-02-15,0.1600890491937773,0.6674091432839309,0.7082370201465389
2023-02-16,0.4050092097886778,0.2649075550366613,0.8061093600522894
2023-02-17,0.06352892691594447,0.5044986177815207,0.26384972772448656
2023-02-18,0.8806595860351691,0.3982246890706328,0.23787212323875906
2023-02-19,0.9463384472602306,0.7669001194413582,0.16722282775671504
2023-02-20,0.4947939179823859,0.4909654427079473,0.7038608260438934
2023-02-21,0.7804451888454489,0.9690627700976053,0.2262586142330404
2023-02-22,0.8988281519352084,0.12353888218667008,0.8465215617927478
2023-02-23,0.4685540919665977,0.9074968255573009,0.060022922939869994
2023-02-24,0.7030069761212556,0.8572935180684033,0.3578324740492981
2023-02-25,0.9696827899682712,0.8630721918956237,0.6744246427408591
2023-02-26,0.5684800052155511,0.12133930189203368,0.09509014077860467
2023-02-27,0.8401700065906523,0.31282190916048813,0.791875375304382
2023-02-28,0.18087553517459998,0.8870612760250374,0.4056481471404446
2023-03-01,0.0855044601766024,0.9047283375904935,0.05161448886914044
2023-03-02,0.36916616516061207,0.15726251749811426,0.7615558172686389
2023-03-03,0.9587152459139544,0.8286405055578049,0.1884073324745834
2023-03-04,0.23066204898109166,0.02378186593752374,0.880687370118013
2023-03-05,0.3656193789934026,0.2519992661217657,0.6561662454341544
2023-03-06,0.09292940477321132,0.22976757097393152,0.17358191554905167
2023-03-07,0.7895028359665378,0.005104210744580007,0.01721257166314738
2023-03-08,0.8820313697510564,0.33947455753141764,0.16056691268041123
2023-03-09,0.008043167967395237,0.9677371704520839,0.5202073572129501
2023-03-10,0.2523942890204204,0.7002017887846348,0.7299373911241133
2023-03-11,0.03241417267975932,0.8655883794548284,0.7317524419665417
2023-03-12,0.10946648521316127,0.03841985872579812,0.7483502550811973
2023-03-13,0.6127769956228488,0.46402696848793323,0.39815098083945566
2023-03-14,0.5273918343518875,0.7121770281799077,0.7935233854013244
2023-03-15,0.7783340797426039,0.06915591440104496,0.34034453848381585
2023-03-16,0.576124998557826,0.9294008890098997,0.10814230260313396
2023-03-17,0.174673346735004,0.7830604103862807,0.6283989622445766
2023-03-18,0.15177819601794407,0.18294341677700698,0.8086577747300436
2023-03-19,0.9315248457270231,0.7011995196433943,0.6622451693672842
2023-03-20,0.5586481948545258,0.6970858241245415,0.9542181242635116
2023-03-21,0.7485832020188807,0.8792096712016426,0.31172423594943965
2023-03-22,0.5586573126084395,0.3904173162022603,0.9751133756245555
2023-03-23,0.2419257553873866,0.9027052005254166,0.18963042633081006
2023-03-24,0.3366438814667573,0.2408380895060892,0.7117594218833647
2023-03-25,0.28844746223886963,0.005772313000778517,0.6871248539504733
2023-03-26,0.7794900152600681,0.9610673890099786,0.37714671674053935
2023-03-27,0.3280091379015102,0.01901559713279133,0.5940949344331932
2023-03-28,0.8225826297095173,0.5716046619616242,0.25076264948857996
2023-03-29,0.09916408713899139,0.9311123405901778,0.37446542593267795
2023-03-30,0.20868276040041656,0.43941364001396965,0.34348781489478897
2023-03-31,0.03447339283987483,0.16878364586996641,0.7383387314060426
2023-04-01,0.845775875286251,0.22024764413607667,0.7966601895499236
2023-04-02,0.2660834156559915,0.09841932266748588,0.12142548705076561
2023-04-03,0.08380853432407831,0.8504611733316285,0.24642384597243472
2023-04-04,0.6119143801927811,0.9647346001546449,0.32723712011566997
2023-04-05,0.35126817557179424,0.2683632094427886,0.9047232840978069
2023-04-06,0.36556607233781824,0.3171342043943165,0.348312475790422
2023-04-07,0.8092055347145581,0.7224920074043051,0.11406276322621611
2023-04-08,0.5874957197265642,0.8794381120612589,0.6586051381369686
2023-04-09,0.6905257069805383,0.7079820332848381,0.7754147074988919
2023-04-10,0.07187112210608515,0.07421692981702965,0.4830682469704701
